{
  "DZD_USD": 0.008662,
  "USD_DZD": 115.446999,
  "DZD_EUR": 0.007249,
  "EUR_DZD": 137.945313
}